"image_id","image_desc","image_url","image_icon_flag"
"1","Baby changing facility icon.","baby.gif","1"
"2","Bi lingual icon.","bilingual.gif","1"
"4","Chartermark icon.","chartermark.gif","1"
"5","Children facilities icon.","children.gif","1"
"7","Disabled access icon","disabled.gif","1"
"15","Guide dogs icon.","guide_dogs.gif","1"
"16","Refreshments icon","hot_vending.gif","1"
"17","Investors in People icon.","iip.gif","1"
"18","Interview room icon.","interview.gif","1"
"20","Loop Hearing icon","loop_hearing.gif","1"
"21","No image available","no_image.gif","0"
"23","Parking icon","parking.gif","1"
"29","Video facilities icon","video_conf.gif","1"
"31","Wireless network connection icon","hotspot.gif","1"
"32","Aberdare Magistrates' Court","aberdare_mc.jpg","0"
"33","Abergavenny Magistrates' Court","abergavenny_mc.jpg","0"
"34","Abertillery Magistrates' Court","abertillery_mc.jpg","0"
"35","Aberystwyth County Court","aberystwyth_cc.jpg","0"
"36","Accrington County Court","accrington_cc.jpg","0"
"37","Accrington Magistrates' Court","accrington_mc.jpg","0"
"38","Acton Magistrates' Court","acton_mc.jpg","0"
"39","Aldershotfarnham County Court","aldershotfarnham_cc.jpg","0"
"40","Aldershot Magistrates' Court","aldershot_mc.jpg","0"
"42","Alnwick Magistrates' Court","alnwick_mc.jpg","0"
"43","Alton Magistrates' Court","alton_mc.jpg","0"
"46","Andover Magistrates' Court","andover_mc.jpg","0"
"47","Ashford County Court","ashford_cc.jpg","0"
"48","Ashford Magistrates' Court","ashford_mc.jpg","0"
"51","Aylesbury Crown Court","aylesbury_cr.jpg","0"
"52","Aylesbury Magistrates' Court","aylesbury_mc.jpg","0"
"53","Balham Youth Court","balham_youth_court.jpg","0"
"55","Banbury Magistrates' Court","banbury_mc.jpg","0"
"57","Bangor Probate Registry","bangor_pr.jpg","0"
"58","Barking Magistrates' Court","barking_mc.jpg","0"
"59","Barnet County Court","barnet_cc.jpg","0"
"60","Barnet Magistrates' Court","barnet_mc.jpg","0"
"61","Barnsley Magistrates' Court","barnsley_mc.jpg","0"
"62","Barnstable County Court","barnstable_cc.jpg","0"
"63","Barnstable Magistrates' Court","barnstable_mc.jpg","0"
"64","Barrow in Furness County Court","barrow_in_furness_cc.jpg","0"
"65","Barrow in Furness Magistrates' Court","barrow_in_furness_mc.jpg","0"
"66","Barry Magistrates' Court","barry_mc.jpg","0"
"67","Basildon County Court","basildon_co.jpg","0"
"68","Basildon Magistrates' Court","basildon_mc.jpg","0"
"69","Basingstoke County Court","basingstoke_cc.jpg","0"
"70","Basingstoke Magistrates' Court","basingstoke_mc.jpg","0"
"72","Bath Magistrates' Court","bath_mc.jpg","0"
"74","Bedford Magistrates' Court","bedford_mc.jpg","0"
"75","Belmarsh Magistrates' Court","belmarsh_mc.jpg","0"
"76","Berwick upon Tweed Magistrates' Court","berwick_upon_tweed_mc.jpg","0"
"77","Bexley Magistrates' Court","bexley_mc.jpg","0"
"78","Bicester Magistrates' Court","bicester_mc.jpg","0"
"80","Birkenhead County Court","birkenhead_cc.jpg","0"
"81","Birmingham County Court","birmingham_cc.jpg","0"
"82","Birmingham Crown Court","birmingham_cr.jpg","0"
"83","Birmingham Magistrates' Court","birmingham_mc.jpg","0"
"84","Birmingham Magistrates' Court Youth","birmingham_mc_youth.jpg","0"
"85","Bishop Auckland County Court","bishop_auckland_cc.jpg","0"
"87","Blackburn Magistrates' Court","blackburn_mc.jpg","0"
"88","Blackpool Magistrates' Court","blackpool_mc.jpg","0"
"89","Blackwood Civil and Family Court","blackwood_civil.jpg","0"
"92","Bodmin County Court","bodmin_cc.jpg","0"
"93","Bodmin Magistrates' Court","bodmin_mc.jpg","0"
"94","Bolton Magistrates' Court","bolton_mc.jpg","0"
"95","Boston County Court","boston_cc.jpg","0"
"96","Boston Magistrates' Court","boston_mc.jpg","0"
"98","Bournemouth County Court","bournemouth_cc.jpg","0"
"99","Bournemouth Crown Court","bournemouth_cr.jpg","0"
"100","Bournemouth Magistrates' Court","bournemouth_mc.jpg","0"
"101","Bow County Court","bow_cc.jpg","0"
"103","Bracknell Magistrates' Court","bracknell_mc.jpg","0"
"104","Bradford Magistrates' Court","bradford_mc.jpg","0"
"105","Willesden Magistrates Court","willesden-magistrates.jpg","0"
"106","Brentford County Court","brentford_cc.jpg","0"
"107","Brentford Magistrates' Court","brentford_mc.jpg","0"
"109","Bridgend Magistrates' Court","bridgend_mc.jpg","0"
"111","Bridgwater Magistrates' Court","bridgwater_mc.jpg","0"
"113","Brighton Magistrates' Court","brighton_mc.jpg","0"
"115","Bristol Crown Court","bristol_cr.jpg","0"
"117","Bromley Magistrates' Court","bromley_mc.jpg","0"
"118","Burnley Magistrates' Court","burnley_mc.jpg","0"
"119","Burtonupontrent County Court","burtonupontrent_cc.jpg","0"
"120","Burtonupontrent Magistrates' Court","burtonupontrent_mc.jpg","0"
"121","Bury Magistrates' Court","bury_mc.jpg","0"
"122","Bury St Edmunds County Court","bury_st_edmunds_cc.jpg","0"
"123","Bury St Edmunds Crown Court","bury_st_edmunds_cr.jpg","0"
"124","Bury St Edmunds Magistrates' Court","bury_st_edmunds_mc.jpg","0"
"126","Caernarfon County Court","caernarfon_cc.jpg","0"
"127","Caernarfon Crown Court","caernarfon_cr.jpg","0"
"128","Caernarfon Magistrates' Court","caernarfon_mc.jpg","0"
"129","Caerphilly Magistrates' Court","caerphilly_mc.jpg","0"
"131","Camberwell Green Magistrates' Court","camberwell_green_mc.jpg","0"
"132","Camborne Magistrates' Court","camborne_mc.jpg","0"
"133","Cambridge County Court","cambridge_cc.jpg","0"
"134","Cambridge Crown Court","cambridge_cr.jpg","0"
"136","Cannock Magistrates' Court","cannock_mc.jpg","0"
"137","Canterbury Magistrates' Court","canterbury_mc.jpg","0"
"138","Cardiff Civil Justice Centre","cardiff_cjc.jpg","0"
"139","Cardiff Magistrates' Court","cardiff_mc.jpg","0"
"140","Carlisle County Court","carlisle_co.jpg","0"
"141","Carlisle Magistrates' Court","carlisle_mc.jpg","0"
"143","Carmarthen Magistrates' Court","carmarthen_mc.jpg","0"
"144","Carmarthen Probate Registry","carmarthen_pr.jpg","0"
"145","Central Criminal Court","central_criminal_court.jpg","0"
"146","Chatham Magistrates' Court","chatham_mc.jpg","0"
"148","Chelmsford Magistrates' Court","chelmsford_mc.jpg","0"
"149","Cheltenham Magistrates' Court","cheltenham_mc.jpg","0"
"151","Chester Civil Justice Centre","chester_cjc.jpg","0"
"152","Chester Crown Court","chester_cr.jpg","0"
"153","Chester Le Street Magistrates' Court","chester_le_street_mc.jpg","0"
"154","Chester Magistrates' Court","chester_mc.jpg","0"
"156","Chesterfield County Court","chesterfield_cc.jpg","0"
"157","Chichester County Court","chichester_co.jpg","0"
"158","Chichester Magistrates' Court","chichester_mc.jpg","0"
"159","Chippenham Magistrates' Court","chippenham_mc.jpg","0"
"160","Chorley County Court","chorley_cc.jpg","0"
"161","Chorley Magistrates' Court","chorley_mc.jpg","0"
"163","City of London Magistrates' Court","city_of_london_mc.jpg","0"
"164","Coalville Magistrates' Court","coalville_mc.jpg","0"
"165","Colchester County Court","colchester_cc.jpg","0"
"166","Colchester Magistrates' Court","colchester_mc.jpg","0"
"168","Consett County Court","consett_cc.jpg","0"
"169","Consett Magistrates' Court","consett_mc.jpg","0"
"171","Corby Magistrates' Court","corby_mc.jpg","0"
"173","Coventry Magistrates' Court","coventry_mc.jpg","0"
"174","Crawley Magistrates' Court","crawley_mc.jpg","0"
"175","Crewe County Court","crewe_cc.jpg","0"
"176","Crewe Magistrates' Court","crewe_mc.jpg","0"
"178","Croydon County Court","croydon_co.jpg","0"
"179","Croydon Magistrates' Court","croydon_mc.jpg","0"
"181","Cwmbran Magistrates' Court","cwmbran_mc.jpg","0"
"182","Darlington Magistrates' Court","darlington_mc.jpg","0"
"183","Dartford Magistrates' Court","dartford_mc.jpg","0"
"185","Denbigh Magistrates' Court","denbigh_mc.jpg","0"
"186","Derby County Court","derby_co.jpg","0"
"188","Dewsbury Magistrates' Court","dewsbury_mc.jpg","0"
"189","Didcot Magistrates' Court","didcot_mc.jpg","0"
"190","Dolgellau Magistrates' Court","dolgellau_mc.jpg","0"
"191","Doncaster Magistrates' Court","doncaster_mc.jpg","0"
"193","Dover Magistrates' Court","dover_mc.jpg","0"
"195","Dudley Magistrates' Court","dudley_mc.jpg","0"
"197","Durham County Magistrates' Court","durham_county_mc.jpg","0"
"198","Ealing Magistrates' Court","ealing_mc.jpg","0"
"199","Eastbourne County Court","eastbourne_cc.jpg","0"
"200","Eastbourne Magistrates' Court","eastbourne_mc.jpg","0"
"202","Enfield Magistrates' Court","enfield_mc.jpg","0"
"203","Epping Magistrates' Court","epping_mc.jpg","0"
"205","Evesham County Court","evesham_cc.jpg","0"
"206","Exeter Magistrates' Court","exeter_mc.jpg","0"
"207","Exeter Probate Registry","exeter_pr.jpg","0"
"208","Fareham Magistrates' Court","fareham_mc.jpg","0"
"209","Feltham Magistrates' Court","feltham_mc.jpg","0"
"211","Fleetwood Magistrates' Court","fleetwood_mc.jpg","0"
"213","Folkestone Magistrates' Court","folkestone_mc.jpg","0"
"216","Gateshead County Court","gateshead_cc.jpg","0"
"217","Gateshead Magistrates' Court","gateshead_mc.jpg","0"
"218","Gloucester County Court","gloucester_co.jpg","0"
"219","Gloucester Crown Court","gloucester_cr.jpg","0"
"220","Gloucester Magistrates' Court","gloucester_mc.jpg","0"
"221","Goole Magistrates' Court","goole_mc.jpg","0"
"222","Grantham County Court","grantham_mc.jpg","0"
"223","Grantham Magistrates' Court","grantham_mc.jpg","0"
"226","Great Yarmouth Magistrates' Court","great_yarmouth_mc.jpg","0"
"227","Greenwich Magistrates' Court","greenwich_mc.jpg","0"
"228","Grimsby Magistrates' Court","grimsby_mc.jpg","0"
"229","Guildford Magistrates' Court","guildford_mc.jpg","0"
"232","Halifax Calderdale Magistrates' Court","halifax_calderdale_mc.jpg","0"
"233","Haringey Magistrates' Court","haringey_mc.jpg","0"
"235","Harlow Magistrates' Court","harlow_mc.jpg","0"
"236","Harrogate County Court","harrogate_cc.jpg","0"
"237","Harrogate Magistrates' Court","harrogate_mc.jpg","0"
"238","Harrow Magistrates' Court","harrow_mc.jpg","0"
"239","Hartlepool County Court","hartlepool_cc.jpg","0"
"240","Hartlepool Magistrates' Court","hartlepool_mc.jpg","0"
"241","Harwich Magistrates' Court","harwich_mc.jpg","0"
"242","Hastings County Court","hastings_cc.jpg","0"
"243","Hastings Magistrates' Court","hastings_mc.jpg","0"
"244","Haverfordwest County Court","haverfordwest_cc.jpg","0"
"245","Midsussex Magistrates' Court","midsussex_mc.jpg","0"
"246","Hemelhempstead Magistrates' Court","hemelhempstead_mc.jpg","0"
"247","Hendon Magistrates' Court","hendon_mc.jpg","0"
"248","Hereford County Court","hereford_cc.jpg","0"
"249","Hereford Crown Court","hereford_cr.jpg","0"
"250","Hertford County Court","hertford_cc.jpg","0"
"251","Hertford Magistrates' Court","hertford_mc.jpg","0"
"252","High Wycombe County Court","high_wycombe_cc.jpg","0"
"253","Highbury Magistrates' Court","highbury_mc.jpg","0"
"254","Hinckley Magistrates' Court","hinckley_mc.jpg","0"
"255","Hitchin County Court","hitchin_cc.jpg","0"
"256","Holyhead Magistrates' Court","holyhead_mc.jpg","0"
"259","Horseferry Road Magistrates' Court","horseferry_road_mc.jpg","0"
"260","Horsham Magistrates' Court","horsham_mc.jpg","0"
"262","Huddersfield County Court","huddersfield_cc.jpg","0"
"263","Kirklees Magistrates' Court","huddersfield_mc.jpg","0"
"267","Ipswich County Court","ipswich_cc.jpg","0"
"268","Ipswich Crown Court","ipswich_cr.jpg","0"
"269","Ipswich Magistrates' Court","ipswich_mc.jpg","0"
"271","Keighley County Court","keighley_cc.jpg","0"
"272","Keighley Magistrates' Court","keighley_mc.jpg","0"
"273","Kendal Magistrates' Court","kendal_mc.jpg","0"
"274","Kettering Magistrates' Court","kettering_mc.jpg","0"
"276","Kings Lynn County Court","kings_lynn_cc.jpg","0"
"277","Kings Lynn Magistrates' Court","kings_lynn_mc.jpg","0"
"278","Kingston-upon-Thames Crown Court.","kingston_upon_thames_cr.jpg","0"
"279","Knowsley Magistrates' Court","knowsley_mc.jpg","0"
"280","Lancaster County Court","lancaster_cc.jpg","0"
"281","Lancaster Crown Court","lancaster_cr.jpg","0"
"282","Lancaster Magistrates' Court","lancaster_mc.jpg","0"
"283","Lancaster Probate Registry","lancaster_pr.jpg","0"
"286","Leeds County Court","leeds_co.jpg","0"
"287","Leeds Magistrates' Court","leeds_mc.jpg","0"
"289","Leicester County Court","leicester_cc.jpg","0"
"290","Leicester Crown Court","leicester_cr.jpg","0"
"291","Leicester Magistrates' Court","leicester_mc.jpg","0"
"293","Leyland Magistrates' Court","leyland_mc.jpg","0"
"294","Lincoln County Court","lincoln_cc.jpg","0"
"295","Lincoln Crown Court","lincoln_cr.jpg","0"
"296","Lincoln Magistrates' Court","lincoln_mc.jpg","0"
"297","Lincoln Psr","lincoln_psr.jpg","0"
"298","Liskeard Magistrates' Court","liskeard_mc.jpg","0"
"300","Liverpool & Knowsley Magistrates' Court","liverpool_dale_mc.jpg","0"
"301","Llandudno Magistrates' Court","llandudno_mc.jpg","0"
"302","Llanelli County Court","llanelli_cc.jpg","0"
"303","Llangefni County Court","llangefni_cc.jpg","0"
"304","Llangefni Magistrates' Court","llangefni_mc.jpg","0"
"308","Lowestoft County Court","lowestoft_cc.jpg","0"
"309","Lowestoft Magistrates' Court","lowestoft_mc.jpg","0"
"311","Ludlow Magistrates' Court","ludlow_mc.jpg","0"
"312","Luton County Court","luton_cc.jpg","0"
"313","Luton Magistrates' Court","luton_mc.jpg","0"
"316","Macclesfield Magistrates' Court","macclesfield_mc.jpg","0"
"317","Maidenhead Magistrates' Court","maidenhead_mc.jpg","0"
"318","Maidstone Magistrates' Court","maidstone_mc.jpg","0"
"320","Manchester Crown Court","manchester_cr.jpg","0"
"321","Manchester Magistrates' Court","manchester_mc.jpg","0"
"324","Mansfield Magistrates' Court","mansfield_mc.jpg","0"
"325","Margate Magistrates' Court","margate_mc.jpg","0"
"327","Market Harborough Magistrates' Court","market_harborough_mc.jpg","0"
"330","Melton Mowbray Magistrates' Court","melton_mowbray_mc.jpg","0"
"332","Merthyrtydfil County Court","merthyrtydfil_co.jpg","0"
"335","Milton Keynes Magistrates' Court","milton_keynes_mc.jpg","0"
"337","Mold County Court","mold_cc.jpg","0"
"338","Mold Crown Court","mold_cr.jpg","0"
"339","Mold Magistrates' Court","mold_mc.jpg","0"
"340","Morpeth County Court","morpeth_cc.jpg","0"
"341","Neath County Court","neath_cc.jpg","0"
"342","Neath Magistrates' Court","neath_mc.jpg","0"
"343","Newark County Court","newark_cc.jpg","0"
"344","Newark Magistrates' Court","newark_mc.jpg","0"
"345","Newbury County Court","newbury_cc.jpg","0"
"346","Newbury Magistrates' Court","newbury_mc.jpg","0"
"347","Newcastle Under Lyme Magistrates' Court","newcastle_under_lyme_mc.jpg","0"
"348","Newcastle upon Tyne Magistrates' Court","newcastle_upon_tyne_mc.jpg","0"
"349","Newcastle upon Tyne Probate Registry","newcastle_upon_tyne_pr.jpg","0"
"350","Newport County Court","newport_cc.jpg","0"
"351","Newport Iow Magistrates' Court","newport_iow_mc.jpg","0"
"352","Newport Magistrates' Court","newport_mc.jpg","0"
"353","Newport Wales Crown Court","newport_wales_cr.jpg","0"
"354","Newton Abbot Magistrates' Court","newton_abbot_mc.jpg","0"
"355","Newton Aycliffe Magistrates' Court","newton_aycliffe_mc.jpg","0"
"356","Northallerton Magistrates' Court","northallerton_mc.jpg","0"
"357","Northampton County Court","northampton_co.jpg","0"
"358","Northampton Magistrates' Court","northampton_mc.jpg","0"
"360","Norwich Magistrates' Court","norwich_mc.jpg","0"
"361","Nottingham County Court","nottingham_cc.jpg","0"
"362","Nottingham Crown Court","nottingham_cr.jpg","0"
"363","Nottingham Magistrates' Court","nottingham_mc.jpg","0"
"364","Nottingham Probate Registry","nottingham_pr.jpg","0"
"365","Nuneaton County Court","nuneaton_cc.jpg","0"
"368","Oldham County Court","oldham_cc.jpg","0"
"369","Oldham Magistrates' Court","oldham_mc.jpg","0"
"370","Ormskirk Magistrates' Court","ormskirk_mc.jpg","0"
"371","Oswestry County Court","oswestry_cc.jpg","0"
"373","Oxford County Court","oxford_co.jpg","0"
"374","Oxford Magistrates' Court","oxford_mc.jpg","0"
"375","Penrith County Court","penrith_cc.jpg","0"
"376","Penrith Magistrates' Court","penrith_mc.jpg","0"
"377","Penzance County Court","penzance_cc.jpg","0"
"379","Peterborough Magistrates' Court","peterborough_mc.jpg","0"
"381","Plymouth Magistrates' Court","plymouth_mc.jpg","0"
"382","Pontefract County Court","pontefract_cc.jpg","0"
"383","Pontefract Magistrates' Court","pontefract_mc.jpg","0"
"384","Pontypool County Court","pontypool_cc.jpg","0"
"385","Pontypridd County Court","pontypridd_cc.jpg","0"
"386","Pontypridd Magistrates' Court","pontypridd_mc.jpg","0"
"387","Poole Magistrates' Court","poole_mc.jpg","0"
"389","Portsmouth Magistrates' Court","portsmouth_mc.jpg","0"
"390","Prestatyn Magistrates' Court","prestatyn_mc.jpg","0"
"391","Preston County Court","preston_co.jpg","0"
"392","Preston Magistrates' Court","preston_mc.jpg","0"
"393","Pwllheli Magistrates' Court","pwllheli_mc.jpg","0"
"394","Rawtenstall County Court","rawtenstall_cc.jpg","0"
"396","Reading County Court","reading_cc.jpg","0"
"397","Reading Magistrates' Court","reading_mc.jpg","0"
"398","Barkingside Magistrates' Court","redbridge_mc.jpg","0"
"399","Redditch County Court","redditch_cc.jpg","0"
"400","Redhill Magistrates' Court","redhill_mc.jpg","0"
"401","Reedley Magistrates' Court","reedley_mc.jpg","0"
"403","Rhyl County Court","rhyl_cc.jpg","0"
"404","Richmond upon Thames Magistrates' Court","richmond_upon_thames_mc.jpg","0"
"405","Rochdale Magistrates' Court","rochdale_mc.jpg","0"
"406","Rotherham County Court","rotherham_cc.jpg","0"
"407","Rotherham Magistrates' Court","rotherham_mc.jpg","0"
"408","Rugby County Court","rugby_cc.jpg","0"
"409","Rugby Magistrates' Court","rugby_mc.jpg","0"
"410","Runcorn County Court","runcorn_cc.jpg","0"
"412","Salford County Court","salford_cc.jpg","0"
"413","Salford Magistrates' Court","salford_mc.jpg","0"
"416","Scarborough County Court","scarborough_cc.jpg","0"
"417","Scarborough Magistrates' Court","scarborough_mc.jpg","0"
"418","Scunthorpe County Court","scunthorpe_cc.jpg","0"
"419","Scunthorpe Magistrates' Court","scunthorpe_mc.jpg","0"
"420","Selby Magistrates' Court","selby_mc.jpg","0"
"421","Sevenoaks Magistrates' Court","sevenoaks_mc.jpg","0"
"422","Shefield Magistrates' Court","shefield_mc.jpg","0"
"424","Shrewsbury County Court","shrewsbury_cc.jpg","0"
"425","Shrewsbury Crown Court","shrewsbury_cr.jpg","0"
"426","Shrewsbury Magistrates' Court","shrewsbury_mc.jpg","0"
"427","Sittingbourne Magistrates' Court","sittingbourne_mc.jpg","0"
"429","Skegness Magistrates' Court","skegness_mc.jpg","0"
"430","Skipton Magistrates' Court","skipton_mc.jpg","0"
"432","Snaresbrook Crown Court","snaresbrook_cr.jpg","0"
"433","Solihull Magistrates' Court","solihull_mc.jpg","0"
"434","South Shields County Court","south_shields_cc.jpg","0"
"435","Southampton County Court","southampton_co.jpg","0"
"436","Southampton Magistrates' Court","southampton_mc.jpg","0"
"437","Southend Magistrates' Court","southend_mc.jpg","0"
"438","Southport North Sefton Magistrates' Court","southport_north_sefton_mc.jpg","0"
"439","Southwark Crown Court","southwark_cr.jpg","0"
"440","Spalding Magistrates' Court","spalding_mc.jpg","0"
"441","St. Albans County Court","st_albans_cc.jpg","0"
"442","St. Albans Magistrates' Court","st_albans_mc.jpg","0"
"443","St. Helens County Court","st_helens_cc.jpg","0"
"444","St. Helens Magistrates' Court","st_helens_mc.jpg","0"
"445","Stafford Combined Court","stafford_co.jpg","0"
"446","Staines Magistrates' Court","staines_mc.jpg","0"
"448","Stevenage Magistrates' Court","stevenage_mc.jpg","0"
"450","Stockport Magistrates' Court","stockport_mc.jpg","0"
"451","Stoke on Trent County Court","stoke_on_trent_co.jpg","0"
"452","Stoke on Trent Magistrates' Court","stoke_on_trent_mc.jpg","0"
"453","Stourbridge County Court","stourbridge_cc.jpg","0"
"455","Stratford Magistrates' Court","stratford_mc.jpg","0"
"456","Stratford upon Avon County Court","stratford_upon_avon_cc.jpg","0"
"458","Stroud Magistrates' Court","stroud_mc.jpg","0"
"460","Sunderland Magistrates' Court","sunderland_mc.jpg","0"
"461","Sutton Coldfield Magistrates' Court","sutton_coldfield_mc.jpg","0"
"462","Sutton Wallington Magistrates' Court","sutton_wallington_mc.jpg","0"
"464","Swansea Civil Justice Centre","swansea_cjc.jpg","0"
"465","Swansea Crown Court","swansea_cr.jpg","0"
"466","Swansea Magistrates' Court","swansea_mc.jpg","0"
"467","Swindon County Court","swindon_co.jpg","0"
"468","Swindon Magistrates' Court","swindon_mc.jpg","0"
"470","Tameside County Court","tameside_mc.jpg","0"
"472","Tamworth Magistrates' Court","tamworth_mc.jpg","0"
"473","Taunton Magistrates' Court","taunton_mc.jpg","0"
"474","Teeside Magistrates' Court","teeside_mc.jpg","0"
"475","Telford County Court","telford_cc.jpg","0"
"476","Telford Magistrates' Court","telford_mc.jpg","0"
"478","Thames Magistrates' Court","thames_mc.jpg","0"
"479","Thanet County Court","thanet_cc.jpg","0"
"481","Torquay County Court","torquay_cc.jpg","0"
"482","Torquay Magistrates' Court","torquay_mc.jpg","0"
"485","Tower Bridge Magistrates' Court","tower_bridge_mc.jpg","0"
"486","Trafford Sale Magistrates' Court","trafford_sale_mc.jpg","0"
"488","Trowbridge County Court","trowbridge_cc.jpg","0"
"489","Truro Magistrates' Court","truro_mc.jpg","0"
"490","Tunbridge Wells County Court","tunbridge_wells_cc.jpg","0"
"492","Uxbridge County Court","uxbridge_cc.jpg","0"
"493","Uxbridge Magistrates' Court","uxbridge_mc.jpg","0"
"494","Wakefield County Court","wakefield_cc.jpg","0"
"495","Wakefield Magistrates' Court","wakefield_mc.jpg","0"
"496","Walsall Hearing Centre","walsall_hearing_centre.jpg","0"
"497","Walsall Magistrates' Court","walsall_mc.jpg","0"
"498","Waltham Forest Magistrates' Court","waltham_forest_mc.jpg","0"
"501","Warley Magistrates' Court","warley_mc.jpg","0"
"502","Warrington County Court","warrington_co.jpg","0"
"503","Warrinton Magistrates' Court","warrinton_mc.jpg","0"
"504","Warwick County Court","warwick_co.jpg","0"
"505","Watford County Court","watford_cc.jpg","0"
"506","Watford Magistrates' Court","watford_mc.jpg","0"
"507","Wellingborough County Court","wellingborough_cc.jpg","0"
"508","Wellingborough Magistrates' Court","wellingborough_mc.jpg","0"
"511","Welshpool Newton County Court","welshpool_newton_cc.jpg","0"
"513","West London Youth Magistrates' Court","west_london_youth_mc.jpg","0"
"514","Weston Super Mare County Court","weston_super_mare_cc.jpg","0"
"516","Wetherby Magistrates' Court","wetherby_mc.jpg","0"
"517","Dorchester Crown Court","dorchester_cr.jpg","0"
"518","Weymouth Magistrates' Court","weymouth_mc.jpg","0"
"520","Whitehaven County Court","whitehaven_cc.jpg","0"
"521","Whitehaven Magistrates' Court","whitehaven_mc.jpg","0"
"524","Wigan Magistrates' Court","wigan_mc.jpg","0"
"525","Wimbledon Magistrates' Court","wimbledon_mc.jpg","0"
"527","Winchester Probate Registry","winchester_pr.jpg","0"
"529","Witham Magistrates' Court","witham_mc.jpg","0"
"531","Woking Magistrates' Court","woking_mc.jpg","0"
"532","Wolverhampton County Court","wolverhampton_co.jpg","0"
"533","Wolverhampton Magistrates' Court","wolverhampton_mc.jpg","0"
"534","Wood Green Crown Court","wood_green_cr.jpg","0"
"536","Woolwich Magistrates' Court","woolwich_mc.jpg","0"
"537","Worcester County Court","worcester_co.jpg","0"
"538","Worksop County Court","worksop_cc.jpg","0"
"539","Worksop Magistrates' Court","worksop_mc.jpg","0"
"540","Worthing Magistrates' Court","worthing_mc.jpg","0"
"542","Wrexham Magistrates' Court","wrexham_mc.jpg","0"
"545","Yeovil County Court","yeovil_cc.jpg","0"
"547","York County Court","york_cc.jpg","0"
"548","York Magistrates' Court","york_mc.jpg","0"
"550","Royal Courts of Justice","rcj.jpg","0"
"554","Teeside Combined Court.","teeside_co.jpg","0"
"556","Hove Trial Center.","hove_trial_centre.jpg","0"
"557","Lewes Crown Court","lewes_cr.jpg","0"
"558","Canterbury Combined Court.","canterbury_co.jpg","0"
"559","Warwickshire Northern Justice Centre.","warwickshire_njc.jpg","0"
"560","The County Court Bulk Centre building.","bulk_centre_building.jpg","0"
"561","Bolton Combined Court.","bolton_co.jpg","0"
"562","Peterborough Combined Court.","peterborough_co.jpg","0"
"563","South Western Magistrates' Court.","southwestern_mc.jpg","0"
"564","Birmingham District Probate Office.","birmingham_dpr.jpg","0"
"565","Cardiff Crown Court.","cardiff_cr.jpg","0"
"566","Inner London Crown Court.","innerlondon_cr.jpg","0"
"567","Romford County Court","romford_cc.jpg","0"
"568","Staines County Court.","staines_cc.jpg","0"
"569","Sunderland County Court.","sunderland_cc.jpg","0"
"570","Taunton County Court","taunton_cc.jpg","0"
"571","Taunton Crown Court.","taunton_cr.jpg","0"
"572","Aberdare County Court.","aberdare_cc.jpg","0"
"573","Truro County Court.","truro_cc.jpg","0"
"574","Truro Crown Court.","truro_cr.jpg","0"
"575","Tameside Magistrates' Court.","tameside_mc.jpg","0"
"576","South Somerset Magistrates Court.","southsomerset_mc.jpg","0"
"577","Newcastle upon Tyne Combined Court.","newcastleupontyne_co.jpg","0"
"578","Worthing County Court.","worthing_cc.jpg","0"
"579","Carlisle Probate Sub Registry.","carlisle_pr.jpg","0"
"580","Cardiff Probate Registry of Wales.","cardiff_pr.jpg","0"
"582","Darlington County Court.","darlington_cc.jpg","0"
"583","Dewsbury County Court.","dewsbury_cc.jpg","0"
"584","Doncaster County Court.","doncaster_cc.jpg","0"
"585","Doncaster Crown Court.","doncaster_cr.jpg","0"
"586","Durham Crown Court.","durham_cr.jpg","0"
"587","Stoke on Trent Probate Sub-Registry.","stokeontrent_pr.jpg","0"
"588","Wirral Magistrates Court.","wirral_mc.jpg","0"
"589","Woolwich Crown Court.","woolwich_cr.jpg","0"
"590","Bodmin Probate Sub-Registry.","bodmin_pr.jpg","0"
"591","Gloucester Probate Sub-Registry.","gloucester_pr.jpg","0"
"592","Guildford County Court.","guildford_cc.jpg","0"
"593","Great Grimsby Combined Court Centre.","greatgrimsby_co.jpg","0"
"595","Bradford Combined Court Centre.","bradford_co.jpg","0"
"596","Halifax County Court.","halifax_cc.jpg","0"
"597","Kingston-upon-Hull Combined Court.","kingstonuponhull_co.jpg","0"
"598","York Crown Court.","york_cr.jpg","0"
"599","Southend County Court.","southend_cc.jpg","0"
"600","Kidderminster Magistrates' Court.","kidderminster_mc.jpg","0"
"601","Hereford Magistrates' Court.","hereford_mc.jpg","0"
"602","Worcester Magistrates' Court.","worcester_mc.jpg","0"
"603","Southport County Court.","southport_cc.jpg","0"
"604","Brighton County Court.","brighton_cc.jpg","0"
"605","Newport County Court, Isle of Wight.","newport_iow_cc.jpg","0"
"607","Kings Lynn Crown Court.","kingslynn_cr.jpg","0"
"609","Poole County Court.","poole_cc.jpg","0"
"610","Peterborough Probate Sub Registry.","peterborough_pr.jpg","0"
"611","Oxford District Probate Registry.","oxford_pr.jpg","0"
"612","Horsham County Court.","horsham_cc.jpg","0"
"613","Knutsford Crown Court.","knutsford_cr.jpg","0"
"614","Llanelli Magistrates' Court.","llanelli_mc.jpg","0"
"615","llwynypia Magistrates' Court.","llwynypia_mc.jpg","0"
"616","Welshpool Crown Court.","welshpool_cr.jpg","0"
"618","Brighton District Probate Registry.","brighton_pr.jpg","0"
"619","Norwich Combined Court.","norwich_co.jpg","0"
"620","Norwich Probate Sub-Registry.","norwich_pr.jpg","0"
"621","Liverpool Probate Sub-Registry.","liverpool_pr.jpg","0"
"622","Middlesbrough Probate Sub-Registry.","middlesbrough_pr.jpg","0"
"623","Exeter Combined Court.","exeter_co.jpg","0"
"624","We have no image for this award.","no_award.gif","0"
"625","St. Albans Crown Court.","st_albans_cr.jpg","0"
"627","Inner London Family Proceedings Court.","family_proceedings.jpg","0"
"628","Kingston-upon-Thames Magistrates' Court.","kingston_upon_thames_mc.jpg","0"
"629","Redditch Magistrates' Court.","redditch_mc.jpg","0"
"630","Peterlee Magistrates' Court.","peterlee_mc.jpg","0"
"631","Beverley Magistrates' Court.","beverley_mc.jpg","0"
"632","Coventry Combined Court.","coventry_co.jpg","0"
"634","Vale of Glamorgan Magistrates' Court.","valeofglamorgan.jpg","0"
"635","Wandsworth County Court.","wandsworth_cc.jpg","0"
"636","Portsmouth Combined Court.","portsmouth_co.jpg","0"
"637","Bristol Magistrates' Court.","bristol_mc.jpg","0"
"638","Weymouth and Dorchester Combined Court Centre.","weymouth_dorchester_co.jpg","0"
"639","Bridlington Magistrates' Court.","bridlington_mc.jpg","0"
"640","Hull and Holderness Magistrates' Court.","hull_holderness_mc.jpg","0"
"642","Central Accounting Office.","cao.jpg","0"
"643","South Tyneside Magistrates' Court.","southtyneside_mc.jpg","0"
"644","Brighton County Court Family Centre.","brighton_family.jpg","0"
"645","Edmonton County Court.","edmonton_cc.jpg","0"
"646","Sheffield Combined Court.","sheffield_co.jpg","0"
"648","South East Northumberland Magistrates' Court.","se_northumberland_mc.jpg","0"
"649","North Shields County Court.","northshields_cc.jpg","0"
"650","Workington Magistrates' Court","workington_mc.jpg","0"
"651","Guildford Crown Court","guildford_cr.jpg","0"
"652","Plymouth Combined Court","plymouth_co.jpg","0"
"653","Milton Keynes County Court","miltonkeynes_cc.jpg","0"
"654","Reading Crown Court","reading_cr.jpg","0"
"655","Blackburn County Court","blackburn_cc.jpg","0"
"657","North Tyneside Magistrate's Court.","north_tyneside_mc.jpg","0"
"658","Willesden County Court.","willesden_cc.jpg","0"
"659","Harrow Crown Court.","harrow_cr.jpg","0"
"660","Woolwich County Court.","woolwich_cc.jpg","0"
"661","Slough County Court.","slough_cc.jpg","0"
"662","Blackfriers Crown Court.","blackfriers_cr.jpg","0"
"663","West London County Court.","west_london_cc.jpg","0"
"664","East Berkshire Magistrates' Court.","east_berkshire_mc.jpg","0"
"665","High Wycombe Magistrates' Court.","high_wycombe_mc.jpg","0"
"666","Brecon Law Courts.","brecon_cc.jpg","0"
"667","Principal Registry of the Family Division.","principal_reg_fd.jpg","0"
"668","London Probate Department.","london_pr.jpg","0"
"669","Central London County Court","central_london_cc.jpg","0"
"670","Lambeth County Court.","lambeth_cc.jpg","0"
"671","Mayor's and City of London Court.","mayor_col.jpg","0"
"675","Vale Royal Magistrates' Court.","vale_royal_mc.jpg","0"
"676","Kingston-upon-Hull Magistrates' Court.","kingston_upon_hull_mc.jpg","0"
"677","North Avon Magistrates' Court.","north_avon_mc.jpg","0"
"678","South Sefton Magistrates' Court.","south_sefton_mc.jpg","0"
"679","Derby Magistrates' Court","south_derbyshire_mc.jpg","0"
"680","Chelmsford Crown Court.","chelmsford_cr.jpg","0"
"681","Southend Crown Court.","southend_cr.jpg","0"
"682","Romford Magistrates' Court","havering_mc.jpg","0"
"683","Altrincham County Court.","altrincham_cc.jpg","0"
"684","Bury County Court.","bury_cc.jpg","0"
"685","Maidstone Combined Court.","maidstone_co.jpg","0"
"686","Luton Crown Court.","luton_cr.jpg","0"
"687","Winchester Combined Court.","winchester_co.jpg","0"
"688","Bromsgrove and Redditch Magistrates' Court.","bromsgrove_redditch_mc.jpg","0"
"689","Furness Magistrates' Court.","furness_mc.jpg","0"
"691","Medway Magistrates' Court.","medway_mc.jpg","0"
"692","Chesterfield Magistrates' Court","derbyshire_dales_mc.jpg","0"
"693","West Somerset Magistrates' Court.","west_somerset_mc.jpg","0"
"694","Central Buckinghamshire Magistrates' Court.","central_buckinghamshire_mc.jpg","0"
"697","Croydon Crown Court","croydon_cr.jpg","0"
"698","Stafford Magistrates'' Court","stafford_mc.jpg","0"
"699","Ammanford Magistrates' Court","ammanford_mc.jpg","0"
"700","Haverfordwest Magistrates' Court","haverfordwest_mc.jpg","0"
"701","Prayer / Quiet room icon.","prayer.gif","1"
"702","Kingston-upon-Thames County Court.","kingston_upon_thames_cc.jpg","0"
"703","Melton Mowbray County Court.","melton_mowbray_cc.jpg","0"
"704","Reigate County Court.","reigate_cc.jpg","0"
"705","The Community Legal Service Quality Mark.","cls.gif","0"
"706","Cardigan Magistrates' Court.","cardigan_mc.jpg","0"
"707","Aberystwyth Magistrates' Court.","aberystwyth_mc.jpg","0"
"708","Carmarthen Crown Court.","carmarthen_cr.jpg","0"
"709","Liverpool Civil and Family Court.","liverpool_cc.jpg","0"
"710","Liverpool Crown Court.","liverpool_cr.jpg","0"
"712","Cheltenham County Court.","cheltenham_cc.jpg","0"
"715","Staffs Central Finance Unit.","staffs_cfu.jpg","0"
"716","Clerkenwell and Shoreditch County Court","clerkenwell.jpg","0"
"718","Avon & Somerset Fixed Penalty Office","avonsomerset_fpo.jpg","0"
"719","Dolgellau Crown Court","dolgellau_cr.jpg","0"
"721","Runcorn (Halton) Magistrates' Court","runcorn_mc.jpg","0"
"723","Leicester Probate Sub Registry","leicester_psr.jpg","0"
"724","Community Justice Centre, North Liverpool","cjc_North_Liverpool.jpg","0"
"725","Manchester Crown Court","manchester_cr_crownsqr.jpg","0"
"727","Leigh County Court","leigh_cc.jpg","0"
"728","Chelmsford County and Family Proceedings Court","chelmsford_c_fp_c.jpg","0"
"729","Huntingdon Law Courts","huntingdon_lc.jpg","0"
"730","Manchester County Court","Manchester_cc.gif","0"
"731","Manchester District Probate Registry","Manchester_dpr.gif","0"
"732","Aldridge Magistrates' Court","aldridge_mc.jpg","0"
"734","Liverpool Youth Court","liverpool_cr.jpg","0"
"735","Technology & Construction Court","tech_construction.jpg","0"
"737","Loughborough Magistrates' Court","loughborough_mags.jpg","0"
"738","Llandrindod Wells Magistrates' Court","llandrindodwells_mc.jpg","0"
"742","Avon and Somerset Central Accounts department","avonsomerset_cad.jpg","0"
"743","Blackpool County Court","blackpool_cc.jpg","0"
"744","Noth Somerset Magistrates Court","north_somerset_mc.jpg","0"
"745","Sheffield PSR","sheffieldpsr.jpg","0"
"746","Dartford County Court","dartford_cc.jpg","0"
"749","Isles of Scilly Magistrates Court","Isles of Scilly_mc.JPG","0"
"750","Bromley County Court Image","Bromey County.JPG","0"
"751","Burnley Combined Court","Burnley Combined Court.JPG","0"
"753","North Sefton Magistrates Court","North Sefton_mc.JPG","0"
"754","Kidderminster County Court","Kidderminster_cc.JPG","0"
"755","Sedgemoor Magistrate Court","Sedgemoor_mc.JPG","0"
"756","Buxton Magistrates Court","Buxton_mc.JPG","0"
"757","Cambridge Magistrates Court","cambridgepicmcn.jpg","0"
"759","Chester Probate Sub-Registry Picture","chester_pr.jpg","0"
"760","SCCO","scco.jpg","0"
"761","Hatfield Magistrates Court","hatfield_mc.JPG","0"
"762","Court of Protection","court-of-protection.jpg","0"
"763","Wales Fixed Penalty Office","wales-fpo.jpg","0"
"764","Chancery Division","thomas_more001.jpg","0"
"765","Disabled toilet icon","disabledwc.gif","1"
"766","public_toilets icon","public_toilets.gif","1"
"767","public pay phone icon","phone.gif","1"
"768","First Aid icon","firstaid.gif","1"
"769","Witness care icon","witness.gif","1"
"770","Northampton Magistrates Court Office","NorthantsMagsAdminoffice.jpg","0"
"771","Waiting Room icon","waiting.gif","1"
"772","Salisbury Law Courts","Salisbury_Law_Courts.bmp","0"
"775","Ilford County Court","ilford_cc.jpg","0"
"778","Customer Service Excellence - black logo","cseuk-blk.jpg","0"
"779","Customer Service Excellence - purple logo","cseuk-rgb.jpg","0"
"782","Medway County Court Image","medway_cc.jpg","0"
"784","Customer Service Excellence","CSE_w_black.GIF","1"
"786","Liverpool Magistrates Court (Victoria Street)","liverpool_mc_victoria_st.jpg","0"
"787","Kettering County Court","kettering_cc.jpg","0"
"788","Image of Greater Manchester Central Accounts and Enforcement Unit","manchester_caeu.jpg","0"
"789","Epsom County Court","epsom_cc.JPG","0"
"790","Leamington Spa Magistrates Court","Leamington_mc.JPG","0"
"791","Bristol County Court","bristolcc_new.jpg","0"
"792","Preston Crown Court (Sessions House)","preston_cc.jpg","0"
"793","Isleworth Crown Court","isleworth_cc.jpg","0"
"794","Leeds District probate registry","leeds_dpr.jpg","0"
"795","National Taxing Team - Brimingham","ntt-birmingham.jpg","0"
"796","The Rolls Building","rolls_building.jpg","0"
"797","Wales Enfocement and Accounts Office","wales_eao.jpg","0"
"798","Port Talbot Magistrates' Court","porttalbot_mc.jpg","0"
"799","National Taxation Team - Manchester","ntt-manchester.jpg","0"
"800","No parking icon","no-parking.gif","1"
"802","County Court Money Claims Centre - Salford","mcc-salford.jpg","0"
"803","Wales Fixed Penalty Office","wales-fpo.jpg","0"
"804","Amersham Law Courts","amersham-law-courts.jpg","0"
"805","Caernarfon Probate Sub-Registry","caernarfon-probate-sub-registry.jpg","0"
"806","Devon and Cornwall Central Finance Unit","devon-and-cornwall-cfu.jpg","0"
